<?xml version="1.0" encoding="UTF-8"?>

<componentdeclarations xmlns:xsi="http://www.w3.org/2001/XMLSchema-instance" xsi:noNamespaceSchemaLocation="%_SWNAVIROOT%/_config/xml/xsd/componentdeclarations.xsd">

	<component name="GUI_XML_GenCode">

		<file name="API/API_HSA_Map.h" />
		<file name="API/GUI_GenExpLanguage_inc.h" />
		<file name="API/GUI_ModelEnums.h" />

		<file name="API/HSA_AVDC/AVDC_GenExpLanguageArray.h" />
		<file name="API/HSA_AVDC/clHSA_AVDC_Base.cpp" />
		<file name="API/HSA_AVDC/clHSA_AVDC_Base.h" />

		<file name="API/HSA_AVDC/HSA_Audio/clHSA_AVDC_Audio_Base.cpp" />
		<file name="API/HSA_AVDC/HSA_Audio/clHSA_AVDC_Audio_Base.h" />
		<file name="API/HSA_AVDC/HSA_Audio/HSA_AVDC_Audio_Trace.h" />
		<file name="API/HSA_AVDC/HSA_Audio/HSA_AVDC_Audio_Trace.trc" />
		<file name="API/HSA_AVDC/HSA_Audio/HSA_AVDC_Audio_Wrapper.cpp" />
		<file name="API/HSA_AVDC/HSA_Audio/HSA_AVDC_Audio_Wrapper.h" />
		<file name="API/HSA_AVDC/HSA_Audio/HSA_AVDC_Audio_Wrapper_dbg.cpp" />
		<file name="API/HSA_AVDC/HSA_Audio/HSA_AVDC_Audio_Wrapper_dbg.h" />

		<file name="API/HSA_AVDC/HSA_AVDC_Trace.h" />
		<file name="API/HSA_AVDC/HSA_AVDC_Trace.trc" />
		<file name="API/HSA_AVDC/HSA_AVDC_Wrapper.cpp" />
		<file name="API/HSA_AVDC/HSA_AVDC_Wrapper.h" />
		<file name="API/HSA_AVDC/HSA_AVDC_Wrapper_dbg.cpp" />
		<file name="API/HSA_AVDC/HSA_AVDC_Wrapper_dbg.h" />

		<file name="API/HSA_Climate/clHSA_Climate_Base.cpp" />
		<file name="API/HSA_Climate/clHSA_Climate_Base.h" />
		<file name="API/HSA_Climate/Climate_GenExpLanguageArray.h" />
		<file name="API/HSA_Climate/HSA_Climate_Trace.h" />
		<file name="API/HSA_Climate/HSA_Climate_Trace.trc" />
		<file name="API/HSA_Climate/HSA_Climate_Wrapper.cpp" />
		<file name="API/HSA_Climate/HSA_Climate_Wrapper.h" />
		<file name="API/HSA_Climate/HSA_Climate_Wrapper_dbg.cpp" />
		<file name="API/HSA_Climate/HSA_Climate_Wrapper_dbg.h" />

		<file name="API/HSA_GUI/clHSA_GUI_Base.cpp" />
		<file name="API/HSA_GUI/clHSA_GUI_Base.h" />
		<file name="API/HSA_GUI/GUI_GenExpLanguageArray.h" />
		<file name="API/HSA_GUI/HSA_GUI_Trace.h" />
		<file name="API/HSA_GUI/HSA_GUI_Trace.trc" />
		<file name="API/HSA_GUI/HSA_GUI_Wrapper.cpp" />
		<file name="API/HSA_GUI/HSA_GUI_Wrapper.h" />
		<file name="API/HSA_GUI/HSA_GUI_Wrapper_dbg.cpp" />
		<file name="API/HSA_GUI/HSA_GUI_Wrapper_dbg.h" />

		<file name="API/HSA_HMIFW_Test/clHSA_HMIFW_Test_Base.cpp" />
		<file name="API/HSA_HMIFW_Test/clHSA_HMIFW_Test_Base.h" />
		<file name="API/HSA_HMIFW_Test/HMIFW_Test_GenExpLanguageArray.h" />
		<file name="API/HSA_HMIFW_Test/HSA_HMIFW_Test_Trace.h" />
		<file name="API/HSA_HMIFW_Test/HSA_HMIFW_Test_Trace.trc" />
		<file name="API/HSA_HMIFW_Test/HSA_HMIFW_Test_Wrapper.cpp" />
		<file name="API/HSA_HMIFW_Test/HSA_HMIFW_Test_Wrapper.h" />
		<file name="API/HSA_HMIFW_Test/HSA_HMIFW_Test_Wrapper_dbg.cpp" />
		<file name="API/HSA_HMIFW_Test/HSA_HMIFW_Test_Wrapper_dbg.h" />

		<file name="API/HSA_inc.h" />

		<file name="API/HSA_Navigation/clHSA_Navigation_Base.cpp" />
		<file name="API/HSA_Navigation/clHSA_Navigation_Base.h" />

		<file name="API/HSA_Navigation/HSA_Map/clHSA_Navigation_Map_Base.cpp" />
		<file name="API/HSA_Navigation/HSA_Map/clHSA_Navigation_Map_Base.h" />
		<file name="API/HSA_Navigation/HSA_Map/HSA_Navigation_Map_Trace.h" />
		<file name="API/HSA_Navigation/HSA_Map/HSA_Navigation_Map_Trace.trc" />
		<file name="API/HSA_Navigation/HSA_Map/HSA_Navigation_Map_Wrapper.cpp" />
		<file name="API/HSA_Navigation/HSA_Map/HSA_Navigation_Map_Wrapper.h" />
		<file name="API/HSA_Navigation/HSA_Map/HSA_Navigation_Map_Wrapper_dbg.cpp" />
		<file name="API/HSA_Navigation/HSA_Map/HSA_Navigation_Map_Wrapper_dbg.h" />

		<file name="API/HSA_Navigation/HSA_Navigation_Trace.h" />
		<file name="API/HSA_Navigation/HSA_Navigation_Trace.trc" />
		<file name="API/HSA_Navigation/HSA_Navigation_Wrapper.cpp" />
		<file name="API/HSA_Navigation/HSA_Navigation_Wrapper.h" />
		<file name="API/HSA_Navigation/HSA_Navigation_Wrapper_dbg.cpp" />
		<file name="API/HSA_Navigation/HSA_Navigation_Wrapper_dbg.h" />
		<file name="API/HSA_Navigation/Navigation_GenExpLanguageArray.h" />

		<file name="API/HSA_Phone/clHSA_Phone_Base.cpp" />
		<file name="API/HSA_Phone/clHSA_Phone_Base.h" />
		<file name="API/HSA_Phone/HSA_Phone_Trace.h" />
		<file name="API/HSA_Phone/HSA_Phone_Trace.trc" />
		<file name="API/HSA_Phone/HSA_Phone_Wrapper.cpp" />
		<file name="API/HSA_Phone/HSA_Phone_Wrapper.h" />
		<file name="API/HSA_Phone/HSA_Phone_Wrapper_dbg.cpp" />
		<file name="API/HSA_Phone/HSA_Phone_Wrapper_dbg.h" />
		<file name="API/HSA_Phone/Phone_GenExpLanguageArray.h" />

		<file name="API/HSA_Radio/clHSA_Radio_Base.cpp" />
		<file name="API/HSA_Radio/clHSA_Radio_Base.h" />
		<file name="API/HSA_Radio/HSA_Radio_Trace.h" />
		<file name="API/HSA_Radio/HSA_Radio_Trace.trc" />
		<file name="API/HSA_Radio/HSA_Radio_Wrapper.cpp" />
		<file name="API/HSA_Radio/HSA_Radio_Wrapper.h" />
		<file name="API/HSA_Radio/HSA_Radio_Wrapper_dbg.cpp" />
		<file name="API/HSA_Radio/HSA_Radio_Wrapper_dbg.h" />
		<file name="API/HSA_Radio/Radio_GenExpLanguageArray.h" />

		<file name="API/HSA_SmartPhone/clHSA_SmartPhone_Base.cpp" />
		<file name="API/HSA_SmartPhone/clHSA_SmartPhone_Base.h" />
		<file name="API/HSA_SmartPhone/HSA_SmartPhone_Trace.h" />
		<file name="API/HSA_SmartPhone/HSA_SmartPhone_Trace.trc" />
		<file name="API/HSA_SmartPhone/HSA_SmartPhone_Wrapper.cpp" />
		<file name="API/HSA_SmartPhone/HSA_SmartPhone_Wrapper.h" />
		<file name="API/HSA_SmartPhone/HSA_SmartPhone_Wrapper_dbg.cpp" />
		<file name="API/HSA_SmartPhone/HSA_SmartPhone_Wrapper_dbg.h" />
		<file name="API/HSA_SmartPhone/SmartPhone_GenExpLanguageArray.h" />

		<file name="API/HSA_Sound/clHSA_Sound_Base.cpp" />
		<file name="API/HSA_Sound/clHSA_Sound_Base.h" />
		<file name="API/HSA_Sound/HSA_Sound_Trace.h" />
		<file name="API/HSA_Sound/HSA_Sound_Trace.trc" />
		<file name="API/HSA_Sound/HSA_Sound_Wrapper.cpp" />
		<file name="API/HSA_Sound/HSA_Sound_Wrapper.h" />
		<file name="API/HSA_Sound/HSA_Sound_Wrapper_dbg.cpp" />
		<file name="API/HSA_Sound/HSA_Sound_Wrapper_dbg.h" />
		<file name="API/HSA_Sound/Sound_GenExpLanguageArray.h" />

		<file name="API/HSA_SpeechDialog/clHSA_SpeechDialog_Base.cpp" />
		<file name="API/HSA_SpeechDialog/clHSA_SpeechDialog_Base.h" />
		<file name="API/HSA_SpeechDialog/HSA_SpeechDialog_Trace.h" />
		<file name="API/HSA_SpeechDialog/HSA_SpeechDialog_Trace.trc" />
		<file name="API/HSA_SpeechDialog/HSA_SpeechDialog_Wrapper.cpp" />
		<file name="API/HSA_SpeechDialog/HSA_SpeechDialog_Wrapper.h" />
		<file name="API/HSA_SpeechDialog/HSA_SpeechDialog_Wrapper_dbg.cpp" />
		<file name="API/HSA_SpeechDialog/HSA_SpeechDialog_Wrapper_dbg.h" />
		<file name="API/HSA_SpeechDialog/SpeechDialog_GenExpLanguageArray.h" />

		<file name="API/HSA_SXM/clHSA_SXM_Base.cpp" />
		<file name="API/HSA_SXM/clHSA_SXM_Base.h" />

		<file name="API/HSA_SXM/HSA_CHANNELART/clHSA_SXM_CHANNELART_Base.cpp" />
		<file name="API/HSA_SXM/HSA_CHANNELART/clHSA_SXM_CHANNELART_Base.h" />
		<file name="API/HSA_SXM/HSA_CHANNELART/HSA_SXM_CHANNELART_Trace.h" />
		<file name="API/HSA_SXM/HSA_CHANNELART/HSA_SXM_CHANNELART_Trace.trc" />
		<file name="API/HSA_SXM/HSA_CHANNELART/HSA_SXM_CHANNELART_Wrapper.cpp" />
		<file name="API/HSA_SXM/HSA_CHANNELART/HSA_SXM_CHANNELART_Wrapper.h" />
		<file name="API/HSA_SXM/HSA_CHANNELART/HSA_SXM_CHANNELART_Wrapper_dbg.cpp" />
		<file name="API/HSA_SXM/HSA_CHANNELART/HSA_SXM_CHANNELART_Wrapper_dbg.h" />

		<file name="API/HSA_SXM/HSA_FUEL/clHSA_SXM_FUEL_Base.cpp" />
		<file name="API/HSA_SXM/HSA_FUEL/clHSA_SXM_FUEL_Base.h" />
		<file name="API/HSA_SXM/HSA_FUEL/HSA_SXM_FUEL_Trace.h" />
		<file name="API/HSA_SXM/HSA_FUEL/HSA_SXM_FUEL_Trace.trc" />
		<file name="API/HSA_SXM/HSA_FUEL/HSA_SXM_FUEL_Wrapper.cpp" />
		<file name="API/HSA_SXM/HSA_FUEL/HSA_SXM_FUEL_Wrapper.h" />
		<file name="API/HSA_SXM/HSA_FUEL/HSA_SXM_FUEL_Wrapper_dbg.cpp" />
		<file name="API/HSA_SXM/HSA_FUEL/HSA_SXM_FUEL_Wrapper_dbg.h" />

		<file name="API/HSA_SXM/HSA_MOVIES/clHSA_SXM_MOVIES_Base.cpp" />
		<file name="API/HSA_SXM/HSA_MOVIES/clHSA_SXM_MOVIES_Base.h" />
		<file name="API/HSA_SXM/HSA_MOVIES/HSA_SXM_MOVIES_Trace.h" />
		<file name="API/HSA_SXM/HSA_MOVIES/HSA_SXM_MOVIES_Trace.trc" />
		<file name="API/HSA_SXM/HSA_MOVIES/HSA_SXM_MOVIES_Wrapper.cpp" />
		<file name="API/HSA_SXM/HSA_MOVIES/HSA_SXM_MOVIES_Wrapper.h" />
		<file name="API/HSA_SXM/HSA_MOVIES/HSA_SXM_MOVIES_Wrapper_dbg.cpp" />
		<file name="API/HSA_SXM/HSA_MOVIES/HSA_SXM_MOVIES_Wrapper_dbg.h" />

		<file name="API/HSA_SXM/HSA_SPORTS/clHSA_SXM_SPORTS_Base.cpp" />
		<file name="API/HSA_SXM/HSA_SPORTS/clHSA_SXM_SPORTS_Base.h" />
		<file name="API/HSA_SXM/HSA_SPORTS/HSA_SXM_SPORTS_Trace.h" />
		<file name="API/HSA_SXM/HSA_SPORTS/HSA_SXM_SPORTS_Trace.trc" />
		<file name="API/HSA_SXM/HSA_SPORTS/HSA_SXM_SPORTS_Wrapper.cpp" />
		<file name="API/HSA_SXM/HSA_SPORTS/HSA_SXM_SPORTS_Wrapper.h" />
		<file name="API/HSA_SXM/HSA_SPORTS/HSA_SXM_SPORTS_Wrapper_dbg.cpp" />
		<file name="API/HSA_SXM/HSA_SPORTS/HSA_SXM_SPORTS_Wrapper_dbg.h" />

		<file name="API/HSA_SXM/HSA_STOCKS/clHSA_SXM_STOCKS_Base.cpp" />
		<file name="API/HSA_SXM/HSA_STOCKS/clHSA_SXM_STOCKS_Base.h" />
		<file name="API/HSA_SXM/HSA_STOCKS/HSA_SXM_STOCKS_Trace.h" />
		<file name="API/HSA_SXM/HSA_STOCKS/HSA_SXM_STOCKS_Trace.trc" />
		<file name="API/HSA_SXM/HSA_STOCKS/HSA_SXM_STOCKS_Wrapper.cpp" />
		<file name="API/HSA_SXM/HSA_STOCKS/HSA_SXM_STOCKS_Wrapper.h" />
		<file name="API/HSA_SXM/HSA_STOCKS/HSA_SXM_STOCKS_Wrapper_dbg.cpp" />
		<file name="API/HSA_SXM/HSA_STOCKS/HSA_SXM_STOCKS_Wrapper_dbg.h" />

		<file name="API/HSA_SXM/HSA_SXM_AUDIO/clHSA_SXM_SXM_AUDIO_Base.cpp" />
		<file name="API/HSA_SXM/HSA_SXM_AUDIO/clHSA_SXM_SXM_AUDIO_Base.h" />
		<file name="API/HSA_SXM/HSA_SXM_AUDIO/HSA_SXM_SXM_AUDIO_Trace.h" />
		<file name="API/HSA_SXM/HSA_SXM_AUDIO/HSA_SXM_SXM_AUDIO_Trace.trc" />
		<file name="API/HSA_SXM/HSA_SXM_AUDIO/HSA_SXM_SXM_AUDIO_Wrapper.cpp" />
		<file name="API/HSA_SXM/HSA_SXM_AUDIO/HSA_SXM_SXM_AUDIO_Wrapper.h" />
		<file name="API/HSA_SXM/HSA_SXM_AUDIO/HSA_SXM_SXM_AUDIO_Wrapper_dbg.cpp" />
		<file name="API/HSA_SXM/HSA_SXM_AUDIO/HSA_SXM_SXM_AUDIO_Wrapper_dbg.h" />

		<file name="API/HSA_SXM/HSA_SXM_Trace.h" />
		<file name="API/HSA_SXM/HSA_SXM_Trace.trc" />

		<file name="API/HSA_SXM/HSA_SXM_TRAFFIC/clHSA_SXM_SXM_TRAFFIC_Base.cpp" />
		<file name="API/HSA_SXM/HSA_SXM_TRAFFIC/clHSA_SXM_SXM_TRAFFIC_Base.h" />
		<file name="API/HSA_SXM/HSA_SXM_TRAFFIC/HSA_SXM_SXM_TRAFFIC_Trace.h" />
		<file name="API/HSA_SXM/HSA_SXM_TRAFFIC/HSA_SXM_SXM_TRAFFIC_Trace.trc" />
		<file name="API/HSA_SXM/HSA_SXM_TRAFFIC/HSA_SXM_SXM_TRAFFIC_Wrapper.cpp" />
		<file name="API/HSA_SXM/HSA_SXM_TRAFFIC/HSA_SXM_SXM_TRAFFIC_Wrapper.h" />
		<file name="API/HSA_SXM/HSA_SXM_TRAFFIC/HSA_SXM_SXM_TRAFFIC_Wrapper_dbg.cpp" />
		<file name="API/HSA_SXM/HSA_SXM_TRAFFIC/HSA_SXM_SXM_TRAFFIC_Wrapper_dbg.h" />

		<file name="API/HSA_SXM/HSA_SXM_Wrapper.cpp" />
		<file name="API/HSA_SXM/HSA_SXM_Wrapper.h" />
		<file name="API/HSA_SXM/HSA_SXM_Wrapper_dbg.cpp" />
		<file name="API/HSA_SXM/HSA_SXM_Wrapper_dbg.h" />

		<file name="API/HSA_SXM/HSA_Tabweather/clHSA_SXM_Tabweather_Base.cpp" />
		<file name="API/HSA_SXM/HSA_Tabweather/clHSA_SXM_Tabweather_Base.h" />
		<file name="API/HSA_SXM/HSA_Tabweather/HSA_SXM_Tabweather_Trace.h" />
		<file name="API/HSA_SXM/HSA_Tabweather/HSA_SXM_Tabweather_Trace.trc" />
		<file name="API/HSA_SXM/HSA_Tabweather/HSA_SXM_Tabweather_Wrapper.cpp" />
		<file name="API/HSA_SXM/HSA_Tabweather/HSA_SXM_Tabweather_Wrapper.h" />
		<file name="API/HSA_SXM/HSA_Tabweather/HSA_SXM_Tabweather_Wrapper_dbg.cpp" />
		<file name="API/HSA_SXM/HSA_Tabweather/HSA_SXM_Tabweather_Wrapper_dbg.h" />

		<file name="API/HSA_SXM/SXM_GenExpLanguageArray.h" />

		<file name="API/HSA_System/clHSA_System_Base.cpp" />
		<file name="API/HSA_System/clHSA_System_Base.h" />

		<file name="API/HSA_System/HSA_Config/clHSA_System_Config_Base.cpp" />
		<file name="API/HSA_System/HSA_Config/clHSA_System_Config_Base.h" />
		<file name="API/HSA_System/HSA_Config/HSA_System_Config_Trace.h" />
		<file name="API/HSA_System/HSA_Config/HSA_System_Config_Trace.trc" />
		<file name="API/HSA_System/HSA_Config/HSA_System_Config_Wrapper.cpp" />
		<file name="API/HSA_System/HSA_Config/HSA_System_Config_Wrapper.h" />
		<file name="API/HSA_System/HSA_Config/HSA_System_Config_Wrapper_dbg.cpp" />
		<file name="API/HSA_System/HSA_Config/HSA_System_Config_Wrapper_dbg.h" />

		<file name="API/HSA_System/HSA_System_Trace.h" />
		<file name="API/HSA_System/HSA_System_Trace.trc" />
		<file name="API/HSA_System/HSA_System_Wrapper.cpp" />
		<file name="API/HSA_System/HSA_System_Wrapper.h" />
		<file name="API/HSA_System/HSA_System_Wrapper_dbg.cpp" />
		<file name="API/HSA_System/HSA_System_Wrapper_dbg.h" />

		<file name="API/HSA_System/HSA_TestMode/clHSA_System_TestMode_Base.cpp" />
		<file name="API/HSA_System/HSA_TestMode/clHSA_System_TestMode_Base.h" />
		<file name="API/HSA_System/HSA_TestMode/HSA_System_TestMode_Trace.h" />
		<file name="API/HSA_System/HSA_TestMode/HSA_System_TestMode_Trace.trc" />
		<file name="API/HSA_System/HSA_TestMode/HSA_System_TestMode_Wrapper.cpp" />
		<file name="API/HSA_System/HSA_TestMode/HSA_System_TestMode_Wrapper.h" />
		<file name="API/HSA_System/HSA_TestMode/HSA_System_TestMode_Wrapper_dbg.cpp" />
		<file name="API/HSA_System/HSA_TestMode/HSA_System_TestMode_Wrapper_dbg.h" />

		<file name="API/HSA_System/System_GenExpLanguageArray.h" />

		<file name="API/HSA_TCU/clHSA_TCU_Base.cpp" />
		<file name="API/HSA_TCU/clHSA_TCU_Base.h" />
		<file name="API/HSA_TCU/HSA_TCU_Trace.h" />
		<file name="API/HSA_TCU/HSA_TCU_Trace.trc" />
		<file name="API/HSA_TCU/HSA_TCU_Wrapper.cpp" />
		<file name="API/HSA_TCU/HSA_TCU_Wrapper.h" />
		<file name="API/HSA_TCU/HSA_TCU_Wrapper_dbg.cpp" />
		<file name="API/HSA_TCU/HSA_TCU_Wrapper_dbg.h" />
		<file name="API/HSA_TCU/TCU_GenExpLanguageArray.h" />

		<file name="API/HSA_Telematic/clHSA_Telematic_Base.cpp" />
		<file name="API/HSA_Telematic/clHSA_Telematic_Base.h" />
		<file name="API/HSA_Telematic/HSA_Telematic_Trace.h" />
		<file name="API/HSA_Telematic/HSA_Telematic_Trace.trc" />
		<file name="API/HSA_Telematic/HSA_Telematic_Wrapper.cpp" />
		<file name="API/HSA_Telematic/HSA_Telematic_Wrapper.h" />
		<file name="API/HSA_Telematic/HSA_Telematic_Wrapper_dbg.cpp" />
		<file name="API/HSA_Telematic/HSA_Telematic_Wrapper_dbg.h" />
		<file name="API/HSA_Telematic/Telematic_GenExpLanguageArray.h" />

		<file name="API/HSA_Traffic/clHSA_Traffic_Base.cpp" />
		<file name="API/HSA_Traffic/clHSA_Traffic_Base.h" />
		<file name="API/HSA_Traffic/HSA_Traffic_Trace.h" />
		<file name="API/HSA_Traffic/HSA_Traffic_Trace.trc" />
		<file name="API/HSA_Traffic/HSA_Traffic_Wrapper.cpp" />
		<file name="API/HSA_Traffic/HSA_Traffic_Wrapper.h" />
		<file name="API/HSA_Traffic/HSA_Traffic_Wrapper_dbg.cpp" />
		<file name="API/HSA_Traffic/HSA_Traffic_Wrapper_dbg.h" />
		<file name="API/HSA_Traffic/Traffic_GenExpLanguageArray.h" />

		<file name="API/HSA_VehicleFunction/clHSA_VehicleFunction_Base.cpp" />
		<file name="API/HSA_VehicleFunction/clHSA_VehicleFunction_Base.h" />
		<file name="API/HSA_VehicleFunction/HSA_VehicleFunction_Trace.h" />
		<file name="API/HSA_VehicleFunction/HSA_VehicleFunction_Trace.trc" />
		<file name="API/HSA_VehicleFunction/HSA_VehicleFunction_Wrapper.cpp" />
		<file name="API/HSA_VehicleFunction/HSA_VehicleFunction_Wrapper.h" />
		<file name="API/HSA_VehicleFunction/HSA_VehicleFunction_Wrapper_dbg.cpp" />
		<file name="API/HSA_VehicleFunction/HSA_VehicleFunction_Wrapper_dbg.h" />
		<file name="API/HSA_VehicleFunction/VehicleFunction_GenExpLanguageArray.h" />

		<file name="API/HSA_XMRadio/clHSA_XMRadio_Base.cpp" />
		<file name="API/HSA_XMRadio/clHSA_XMRadio_Base.h" />
		<file name="API/HSA_XMRadio/HSA_XMRadio_Trace.h" />
		<file name="API/HSA_XMRadio/HSA_XMRadio_Trace.trc" />
		<file name="API/HSA_XMRadio/HSA_XMRadio_Wrapper.cpp" />
		<file name="API/HSA_XMRadio/HSA_XMRadio_Wrapper.h" />
		<file name="API/HSA_XMRadio/HSA_XMRadio_Wrapper_dbg.cpp" />
		<file name="API/HSA_XMRadio/HSA_XMRadio_Wrapper_dbg.h" />
		<file name="API/HSA_XMRadio/XMRadio_GenExpLanguageArray.h" />

		<file name="GenStateMachine/GUI_ApiFunctionCalls.cpp" />
		<file name="GenStateMachine/GUI_ApiFunctionCalls.h" />
		<file name="GenStateMachine/GUI_ApiFunctionCalls.trc" />
		<file name="GenStateMachine/GUI_GenContent.h" />
		<file name="GenStateMachine/GUI_GenGlobals.h" />
		<file name="GenStateMachine/GUI_GenMediators.h" />
		<file name="GenStateMachine/GUI_GenOtherWidgets.h" />
		<file name="GenStateMachine/GUI_GenPropertyArrays.h" />
		<file name="GenStateMachine/GUI_GenSpeller.h" />
		<file name="GenStateMachine/GUI_GenStates.h" />
		<file name="GenStateMachine/GUI_GenTransitions.h" />
		<file name="GenStateMachine/GUI_GenWidgetClasses.h" />
		<file name="GenStateMachine/GUI_GenWidgetInstance.h" />
		<file name="GenStateMachine/GUI_GenWidgetProperties.h" />
		<file name="GenStateMachine/GUI_MessageBoxGUI.cpp" />
		<file name="GenStateMachine/GUI_MessageBoxGUI.h" />
		<file name="GenStateMachine/GUI_MessageBoxSystem.cpp" />
		<file name="GenStateMachine/GUI_MessageBoxSystem.h" />

		<file name="GUI_DataEvents.h" />
		<file name="GUI_DataEvents.trc" />
		<file name="GUI_EventList.trc" />
		<file name="GUI_Events.h" />
		<file name="PNGFilenames.h" />
		<file name="PNGFilenames.trc" />

	</component>
</componentdeclarations>